code,name
VAP,北京北
BOP,北京东
BJP,北京
VNP,北京南
IPP,北京大兴
BXP,北京西
IFP,北京朝阳
CUW,重庆北
CQW,重庆
CRW,重庆南
CXW,重庆西
SHH,上海
SNH,上海南
AOH,上海虹桥
SXH,上海西
TBP,天津北
TJP,天津
TIP,天津南
TXP,天津西
YTM,万象
BJB,滨江
BRZ,百浪
BNM,班猫箐
BIV,北营
CCT,长春
CET,长春南
CRT,长春西
ICW,成都东
CNW,成都南
CDW,成都
CMW,成都西
CAJ,陈官营
CSQ,长沙
CWQ,长沙南
RXQ,长沙西
CVK,常庄
DCT,大成
DNZ,大拟
DPM,读书铺
DZZ,大王滩
DYZ,大元
FSJ,丰水村
FZS,福州
FYS,福州南
GDJ,甘草店
GAK,钢城
GKT,孤家子
GNM,广南卫
GIW,贵阳
KQW,贵阳北
KEW,贵阳东
GBQ,广州北
GGQ,广州东
GZQ,广州
IZQ,广州南
GXQ,广州西
HTB,哈尔滨北
HBB,哈尔滨
VBB,哈尔滨东
VAB,哈尔滨西
COH,合肥北城
HFH,合肥
ENH,合肥南
HTT,皇姑屯
NDC,呼和浩特东
HHC,呼和浩特
HMQ,海口东
VUQ,海口
HGH,杭州东
HZH,杭州
XHH,杭州南
JMM,金马村
JNK,济南
MDK,济南东
JGK,济南西
KMM,昆明
KOM,昆明南
VHK,历城
ULK,蔺家楼
UQJ,龙泉寺
LSO,拉萨
LUM,乐善村
LBT,林盛堡
LTJ,骆驼巷
VIK,莱芜北
LVJ,兰州东
LZJ,兰州
LQJ,兰州新区
LAJ,兰州西
MOM,茂舍祖
NCG,南昌
NCZ,宁村
NXG,南昌西
NJH,南京
NKH,南京南
ULZ,那罗
NRZ,南宁北
NFZ,南宁东
NNZ,南宁
NXZ,南宁西
NPZ,那铺
NQJ,暖泉
PXJ,坡底下
QDM,七甸
ZWT,世博园
VVP,石家庄北
SXP,石家庄东
SJJ,邵家堂
SJP,石家庄
SHM,施家嘴
SYT,沈阳
SBT,沈阳北
SDT,沈阳东
SOT,沈阳南
OYJ,水源
OOT,沈阳西
SAJ,桑园子
TBV,太原北
TDV,太原东
TNV,太原南
TYV,太原
WHN,武汉
LFN,武汉东
WJJ,王家湾
WMR,乌鲁木齐南
WAR,乌鲁木齐
WJZ,吴圩机场
WZB,王兆屯
EAY,西安北
XAY,西安
XUJ,西固城
EKM,西街口
XTJ,许家台
XNO,西宁
XAM,小哨
XWQ,新塘
XYK,雪野
YIJ,银川
YYM,永丰营
YJT,一间堡
YVM,宜耐
ABM,羊堡
YUT,榆树台
CAY,引镇
ZUJ,朱家窑
VQK,章丘南
ZAF,郑州东
ZIF,郑州航空港
ZZF,郑州
XPF,郑州西
AAX,昂昂溪
ABB,阿城北
ACB,阿城
ADX,安达
ARW,安德
ARX,阿尔山北
ART,阿尔山
AJU,安吉
PYW,安靖
AJB,安家
AKY,安康
ASR,阿克苏
AER,阿克陶
AOR,阿拉尔
AHX,阿里河
AKR,阿拉山口
AUR,阿勒泰
ALN,安陆
AXN,安陆西
APT,安平
AQH,安庆
AIU,安庆西
ASW,安顺
AST,鞍山
ASE,安顺西
AXT,鞍山西
ASH,安亭北
AXU,安亭西
AYF,安阳
ADF,安阳东
BAB,北安
BBZ,博白
BMH,蚌埠南
BBH,蚌埠
BCR,巴楚
BCT,白城
BII,北辰
BPP,宝坻北
VLP,八达岭长城
BMP,保定东
BEP,北戴河
BDP,保定
ILP,八达岭
BBN,巴东
FGQ,八方山
BGM,柏果
BHZ,北海
BUT,布海
YKP,滨海
FCP,滨海北
BEL,白河
FHP,滨海西
BOE,毕节
BJY,宝鸡
BAP,白涧
BBY,宝鸡南
FTP,北京丰台
BKB,白奎堡
BKX,博克图
BER,博乐
BLX,巴林
BLB,勃利
BFQ,白马井
BMB,八面通
BPT,北票
BUB,宝清
BQB,宝泉岭
BIZ,百色
HJL,白山市
BTT,北台
BDC,包头东
BTC,包头
BXR,北屯市
BBB,宾西北
BXT,本溪
BWW,步行街
UKZ,宾阳
BEC,白云鄂博
BVE,白云北
BBA,白云机场北
FWP,白洋淀
BYB,背荫河
FHW,百宜
BAC,巴彦高勒
BYT,鲅鱼圈
BXJ,白银西
BXE,白云西
BFY,彬州东
IEW,巴中
BIK,滨州
BZH,亳州
BZB,宾州
BNU,亳州南
CBC,查布嘎
CBN,赤壁
CUL,长白山
VGQ,常德
CDP,承德
CDT,长甸
IVP,承德南
POP,曹妃甸东
CID,赤峰
PGP,曹妃甸港
CFD,赤峰南
CAX,嵯岗
CGT,柴岗
CGF,长葛北
CGV,柴沟堡
CGY,城固
CZB,成高子
WBW,草海
GUH,巢湖东
CHB,柴河
CIH,巢湖
KNW,从江
EBV,蔡家崖
CIS,长乐东
CAS,长乐
FVH,长临河
CUQ,慈利
CDG,茶陵
KOP,崇礼
CLP,昌黎
CLA,长流
CVS,长乐南
CMB,晨明
CEH,苍南
VBP,昌平北
FQQ,常平东
YBW,翠屏
CPP,昌平
CQJ,长庆桥
CRG,崇仁
COW,长寿北
CBQ,潮汕
CSC,察素齐
CTE,朝天
CNS,长汀南
CTY,朝天南
CTT,昌图
CPT,昌图西
CDB,长汀镇
CWY,长武
CXE,苍溪
CXQ,辰溪
CIP,磁县
CUM,楚雄
CXK,曹县
CIA,城西
CFH,长兴南
CXT,陈相屯
CAL,春阳
CNQ,潮阳
CYL,朝阳川
CYE,朝阳湖
CUH,滁州北
ESH,常州北
CBF,长治北
CUF,长治东
CZJ,长征
IYH,池州
CXH,滁州
CZQ,郴州
COP,沧州
CZH,常州
CZF,长治
CZE,崇州
COZ,崇左南
CZZ,崇左
ICQ,郴州西
CBP,沧州西
RNT,大安北
DCZ,东安东
DCR,达坂城
DYJ,定边
DCJ,东岔
DUT,丹东
UFQ,东方
DGY,丹凤
KRQ,大丰
DFB,东方红
DNE,大方南
DPJ,东风南
RGT,东港北
DMQ,东莞东
DNA,东莞南
RMT,大孤山
RTQ,东莞
WGQ,东莞西
DQD,大红旗
DHD,大虎山
DHL,敦化
DHJ,敦煌
DHT,德惠
DXT,德惠西
DJB,东京城
DJT,达家沟
DJE,垫江
RRQ,道滘
DFP,大涧
FWQ,洞井
DDW,都江堰
DKA,洞口
DFT,大连北
DHO,德令哈
DCB,达连河
DNY,大荔
DKM,大理
DLT,大连
JAK,大明湖
DTB,得莫利
DNF,东明县
DNG,定南
DIG,定南南
DPI,大埔
LFX,大庆东
DZX,大庆
DQB,对青山
RHX,大庆西
DOC,东胜
RWW,独山
PRH,砀山南
DQT,大石桥
DYC,东胜西
DMV,大同南
DTV,大同
DNT,大屯
DTO,大通西
DFJ,大武口
DWE,党武
DNJ,定西北
IWP,大兴机场
DSJ,定西
DXG,东乡
DXX,大兴
DYW,德阳
DYN,当阳
DYH,丹阳
DBN,大冶北
IAW,大英东
KJW,都匀东
DPK,东营
DEE,大邑
DOK,东营南
DUX,大杨树
RYW,都匀
DIP,德州东
DOP,定州东
DDF,邓州东
DCH,东至
RXW,达州
DZP,德州
DXP,定州
DOF,邓州
EBW,峨边
EEC,鄂尔多斯
EJC,额济纳
RLC,二连
EMW,峨眉
IXW,峨眉山
ESN,恩施
ECN,鄂州
FBZ,防城港北
FES,福鼎
FIH,肥东
FUW,丰都
FEM,发耳
FHR,福海
FJQ,凤凰机场
FHT,凤凰城
FEV,汾河
FHH,奉化
FIB,富锦
FTT,范家屯
FEW,涪陵北
FLV,风陵渡
FLW,涪陵
FRX,富拉尔基
FLJ,福利区
FDU,阜宁东
FNM,富宁
FQS,福清
VMW,福泉
KCQ,芙蓉南
FET,抚顺北
FSE,富顺
FSQ,佛山
FSZ,扶绥
FOQ,佛山西
NZQ,福田
FXY,凤县
FOT,阜新
FAH,肥西
FXD,阜新南
FYH,阜阳
FYU,富阳
FBT,扶余北
FYG,分宜
FYR,富蕴
FYM,富源
FYB,抚远
FYX,富裕
FXU,阜阳西
FZC,丰镇
FZY,凤州
FZG,抚州
FNB,方正
VUW,广安南
VJW,广安
GCG,高安
GAE,贵安
GKP,古北口
GEP,藁城
GUP,藁城南
GCV,高村
GDV,古东
GRO,格尔木
GGZ,贵港
GGJ,甘谷
GEX,根河
HGD,高花
GJV,古交
GEJ,皋兰
GBZ,桂林北
GLB,高楞
GLZ,桂林
GRX,古莲
VOW,甘洛
GMC,公庙子
GXM,广南县
GAZ,桂平
GAG,共青城
GXN,固始
GSN,广水
FFQ,谷山
FKQ,观沙岭
GNJ,干塘
GPM,广通北
STS,古田会址
VWW,高兴
GIP,高邑
GXF,巩义
GYF,巩义南
GUJ,固原
GYW,广元
GYU,赣榆
GNP,高邑西
GSQ,高州
GZG,赣州
GLT,公主岭
GBT,公主岭南
GPS,冠豸山
GAT,盖州西
GOG,赣州西
HAU,淮安东
AUH,淮安
VXN,红安西
HRH,淮北
HMB,鹤北
HVN,淮滨
HBV,河边
HCE,湖潮东
HCY,韩城
WKW,合川
HUL,珲春
KCN,潢川
HCT,海城
HCA,花城街
HCP,黄村
HIZ,河池西
HXT,海城西
HDP,邯郸
HFJ,河东机场
HPP,邯郸东
KDQ,惠东南
HDJ,哈达铺
HAA,花都
HTV,洪洞西
HDB,横道河子
HFR,霍尔果斯
HGB,鹤岗
KAN,黄冈东
HEM,红果
HGP,汉沽
IGW,红光镇
HHM,红河
HJB,黑河
KAQ,怀化南
HCF,黄河景区
HHQ,怀化
IHN,后湖
HFZ,环江
HJR,和静
HJV,河津
FAQ,怀集
HJT,华家
HBM,河口北
OKB,宏克力
HKJ,河口南
HKN,汉口
HUB,呼兰
HPD,葫芦岛北
HLD,葫芦岛
HRX,海拉尔
HIT,哈拉海
HAT,寒岭
HRB,海林
VLB,虎林
HWD,霍林郭勒
VLY,黄陵南
HLB,海伦
HMV,侯马
HDU,黄梅东
KMQ,鲘门
HMU,海门
HMR,哈密
HPV,侯马西
HAH,淮南
HNB,桦南
HOH,淮南东
HNU,淮南南
EUH,海宁西
HQM,鹤庆
HBP,怀柔北
HFV,怀仁东
IMP,怀柔南
HRP,怀柔
HDY,华山北
IHP,衡水北
NYH,黄山北
OSN,黄石东
VSR,和什托洛盖
HGY,华山
VUR,和硕
HOT,黑水
HSP,衡水
HSN,黄石
HKH,黄山
KNN,花山南
HVP,黑山寺
HSO,海石湾
HZA,花山镇
HKP,黄土店
HTO,花土沟
VTR,和田
VTQ,会同
RWH,海湾
HDE,花溪大学城
KXJ,环县
HNE,花溪南
HUE,花溪西
KNQ,惠阳
HYQ,衡阳
HEA,河源东
HVQ,衡阳东
HUW,华蓥
KXY,鄠邑
WHW,汉源
VIQ,河源
HNO,湟源
HUA,惠州北
KDK,菏泽东
HIK,菏泽
HXZ,贺州
HXY,华州
VZH,湖州
HOY,汉中
HCQ,惠州
VAG,吉安
JAL,集安
JUL,建安
JIG,吉安西
JBG,江边村
JGF,晋城东
JCJ,金昌
JCF,晋城
JJZ,金城江
JDG,景德镇北
JDU,建德
JOB,鸡东
JCG,景德镇
JFF,嘉峰
JGX,加格达奇
JGG,井冈山
JHD,近海
JHP,静海
JHL,蛟河
JIR,精河南
RNH,金华南
JBH,金华
JOL,蛟河西
JZE,金华镇
JJS,晋江
JJG,九江
JMP,军粮城北
JLF,贾鲁河
JLL,吉林
JVK,即墨北
JOQ,江门
JMN,荆门
JME,剑门关
JMB,佳木斯
JNP,井南
JCS,建宁县北
JIK,济宁
JJH,江宁
JAC,集宁南
OKH,江宁西
JPC,经棚
JAD,建平
JNJ,酒泉南
JQJ,酒泉
EGH,金山北
JDA,吉首东
JIQ,吉首
JUH,江山
JPQ,尖山
JIB,建三江
JKU,界首南
JTL,九台
JNL,九台南
JVJ,镜铁山
NRH,绩溪北
JDV,介休东
JXV,介休
JMZ,靖西
JXH,嘉兴
JXB,鸡西
JJP,井陉
JUG,进贤
EPH,嘉兴南
JXG,进贤南
JRH,绩溪县
JAB,鸡西西
JYE,金阳
JYK,巨野
JGJ,嘉峪关
JBJ,嘉峪关南
JNE,金阳南
JOW,简阳南
JFW,江油
JTN,金银潭
JYL,靖宇
JFT,锦州北
JKP,蓟州北
JBN,荆州
JZH,金寨
JZD,锦州
JZT,金州
JXP,晋州
JIP,蓟州
JOD,锦州南
JOF,焦作
JIF,焦作西
KAT,开安
KCR,库车
KDX,库都尔
KLR,库尔勒
KBF,开封北
FLQ,开福寺
KHU,开化
KJB,康金井
KLV,岢岚
KLW,凯里
QKW,凯里南
KLD,库伦
KLC,开鲁
KHR,克拉玛依
KSR,喀什
KSH,昆山
KSB,克山
KNH,昆山南
KTR,奎屯
KVW,开阳
KAM,昆阳
KYT,开原
KXT,开原西
KZP,康庄
KZT,喀左
IDZ,隆安东
UAH,六安
LBF,灵宝
UCZ,来宾北
LPF,灵宝西
LCF,绿博园
LXM,临沧
NWW,隆昌北
ILQ,乐昌东
UCH,芦潮港
LKZ,陆川
LUQ,龙川
LCN,利川
LCG,临川
LCW,隆昌
UTP,潞城
UCK,聊城
LGK,陵城
LCA,龙川西
ACQ,老城镇
LDY,两当
LDL,鹿道
FVW,龙洞堡
LDQ,娄底
UOQ,娄底南
INW,离堆公园
LJP,廊坊
USV,娄烦
LFP,廊坊北
LLQ,陆丰
LFV,临汾
LXV,临汾西
LGB,拉古
LAE,芦官
BNQ,麓谷
LGP,良各庄
LHC,临河
LNL,柳河
LON,漯河
KLH,六合
LNE,珞璜南
LHA,隆回
UHP,隆化
LWJ,绿化
LBN,漯河西
UDT,刘家店
LJL,龙井
LQL,临江
LHM,丽江
UJL,龙嘉
UJH,庐江
LKS,连江
LUU,庐江西
LKF,兰考
LUF,兰考南
LKB,林口
UKK,龙口市
LHV,吕梁
LLG,醴陵
LLB,兰棱
LAB,拉林
LKV,柳林南
INJ,陇南
VET,辽宁朝阳
UQW,梁平
UPP,滦平
LPM,罗平
LPE,梁平南
EVH,临平南
UMW,六盘水
LVV,灵丘
LQU,龙桥
LBA,龙山北
UDV,灵石东
IVW,乐山
LIQ,陵水
USH,丽水
LST,旅顺
LSG,庐山
LDH,溧水
UWK,岚山西
LTZ,黎塘
LTP,芦台
LIY,临潼
LEA,乐同
UWJ,灵武北
LWK,莱芜东
KRW,洛湾三江
LXE,泸县
LEQ,澧县
LXJ,陇西
LXY,陇县
UEP,临西
LBK,莱西
LWH,兰溪
LAP,良乡
LYY,略阳
LYT,辽阳
LYQ,耒阳
LEH,溧阳
LYS,龙岩
LYF,洛阳
UMK,临沂北
UKH,连云港东
LDF,洛阳东
UIH,连云港
LVK,临沂
LLF,洛阳龙门
LNR,柳园南
LYD,凌源
LYL,辽源
DHR,柳园
LAQ,涟源
LYP,涞源
LVS,罗源
LPQ,耒阳西
LUE,泸州
LZO,林芝
LZZ,柳州
LIW,六枝
LZE,阆中
LZA,龙镇
LZX,立志
LZD,辽中
OMH,马鞍山东
MBN,麻城北
MCN,麻城
MNF,渑池南
MDX,免渡河
VBM,磨丁
MDB,牡丹江
MRX,莫尔道嘎
MRB,帽儿山
MUB,帽儿山西
MGH,明光
MHX,满归
MGE,孟关
MHM,磨憨
MVX,漠河
MHL,梅河口
MNO,民和南
MGB,孟家岗
MIR,米兰
MWM,勐腊
MHQ,美兰
MLM,弥勒
MLB,穆棱
MDQ,茂名
MMZ,茂名西
UGW,冕宁
MSR,玛纳斯
MBS,闽清北
MQF,民权
IUW,眉山东
MSE,名山
MSB,密山
MSN,庙山
MJT,马三家
MST,米沙子
VAW,麻尾
MXJ,岷县
MVY,勉县
MYW,绵阳
MUP,密云北
HSY,孟塬
MUR,墨玉
MYO,门源
KIQ,暮云
MYP,密云
MOQ,梅州
MZF,孟庄
MZM,蒙自
MLX,满洲里
MXA,梅州西
NAB,宁安
NAT,农安
NVH,宁波东
NGH,宁波
NBE,南部
NEF,南曹
NCE,南充北
NCW,南充
NDG,南城
NCB,南岔
NDZ,南丹
NES,宁德
NMP,南大庙
NDJ,宁东南
NOJ,宁东
NFT,南芬
NFG,南丰
NHH,宁海
NDN,南湖东
NHX,讷河
LKT,牛河梁
NKW,内江北
NJW,内江
NGX,嫩江
FIW,南江
NJB,牛家
NKP,南口
NLP,牛栏山
NLF,宁陵县
NMD,奈曼
NMO,尼木
NOS,南平市
NOY,宁强南
NQO,那曲
NUH,南通
NXU,南通西
NWV,宁武
NEH,南翔北
NCQ,南雄
NXQ,宁乡
NFF,南阳
NOF,南阳东
NYE,纳雍
NUP,南峪
NYF,南阳寨
NZX,碾子山
PAN,普安
PEY,蒲城东
PCE,平昌
PEN,平顶山
PNK,平度
PAK,平度西
PDF,平顶山西
PEM,普洱
PFB,平房
PBD,盘锦北
PVD,盘锦
PJE,蒲江
PNN,盘龙城
PLT,普兰店
PIJ,平凉
POJ,平凉南
POK,蓬莱市
PEQ,普宁
PBP,平泉北
PQP,平泉
PSR,皮山
PSL,磐石
PSQ,坪石
PSB,平山
PIS,平潭
PTS,莆田
PBG,萍乡北
PXZ,凭祥
PXG,萍乡
POW,普雄
PWW,郫县
PCW,郫县西
PYF,濮阳
ARH,平阳
PDV,平遥古城
PUF,濮阳东
PUK,平原东
PZG,彭泽
PZM,普者黑
PAE,盘州
PRW,攀枝花
PMW,彭州
PNE,攀枝花南
PKW,彭州南
QAB,庆安
QFW,青白江东
QCA,清城
QRN,蕲春
QCE,青川
QSW,青城山
QDK,青岛
QHK,青岛北
QDU,千岛湖
QOU,启东
QUK,青岛西
QAK,曲阜东
QFB,前锋
QFK,曲阜
QYQ,琼海
QYP,清河城
QTP,秦皇岛
QIP,清河
QHP,清华园
QBM,曲靖北
QDE,綦江东
QNW,黔江
QJM,曲靖
QEB,前进镇
QLE,邛崃
QLS,清流
QHX,齐齐哈尔
QNB,齐齐哈尔南
QSU,潜山
QSQ,庆盛
QSO,曲水县
QTB,七台河
QTJ,青铜峡
QXB,七台河西
QRW,渠县
QVV,沁县
QUV,清徐
QOJ,庆阳
QBQ,清远
QYU,庆元
QDZ,钦州东
QEP,乔庄东
QEH,衢州
QYS,泉州
QNZ,全州南
QUE,清镇西
RAZ,融安
RAH,瑞安
RQW,荣昌北
RCK,荣成
RIH,如东
RQJ,汝箕沟
RJG,瑞金
RKO,日喀则
RVQ,饶平
RQR,若羌
RZK,日照
KZK,日照西
SBJ,肃北
SBB,双城北
SDU,舒城东
SCR,莎车
SCP,沙城
SFF,宋城路
SCB,双城堡
FIQ,邵东
SEP,十渡
NFQ,双峰北
OFB,双丰
SFB,绥芬河
SGQ,韶关东
SNQ,韶关
SHP,沙河
SOK,商河
SHD,山海关
VOP,沙河市
SHL,山河屯
SHB,绥化
SZR,石河子
ODP,三家店
SFX,三间房
SJL,松江河
SQH,水家湖
SAH,松江
SUB,孙家
OJB,沈家
SWZ,三江南
SRP,石景山南
IMH,松江南
SXT,苏家屯
SOZ,三江县
SWT,深井子
SIR,四棵树
SLL,舒兰
IPW,双流机场
OHB,双龙湖
SIB,绥棱
SLA,狮岭
SLM,石林
SNE,双龙南
OLY,商洛
IQW,双流西
SYM,石林西
OLB,胜利镇
VFQ,石门县北
SHS,三明北
SVS,三明
SVM,嵩明
FMQ,树木岭
OMY,神木南
SCF,三门峡南
HMY,神木
OQH,三门县
SXF,三门峡西
SMF,三门峡
ONY,商南
NIW,遂宁
SNU,睢宁
SOB,宋
SPQ,石牌
CYW,沙坪坝
PPT,四平东
SBN,山坡东
SPT,四平
SKF,沈丘北
SQU,宿迁
SQF,商丘
SXY,石泉县
SQT,石桥子
SRG,上饶
SRB,石人城
SMR,鄯善北
SSU,宿松东
HTH,蜀山东
SSQ,韶山
SWB,神树
INQ,韶山南
OAH,宿松
QHW,三穗
MZQ,松桃
OTQ,汕头
OGQ,汕尾
SWS,邵武
SLH,绍兴北
SSH,绍兴东
SIS,松溪
OEP,涉县
SOH,绍兴
SEQ,三亚
SYQ,邵阳
SNN,十堰
OYT,双阳
OUN,十堰东
SOP,顺义
SMS,三元区
SSB,双鸭山
VYT,松原
OXB,双鸭山西
IKP,顺义西
IOQ,深圳北
OHH,苏州北
SCA,深圳机场
SKU,嵊州新昌
BJQ,深圳东
SRH,宿州东
SZD,绥中
SUV,朔州
SZQ,深圳
SZN,随州
OXH,宿州
SZH,苏州
SZB,尚志
ONN,随州南
OZB,尚志南
IFQ,深圳坪山
QQJ,石嘴山
OSW,石柱县
OSQ,深圳西
TMK,泰安
TBB,通北
TCY,铜川东
TZR,塔城
TCX,汤池
TRQ,通道
TTN,土地堂东
TVX,塔尔气
TGY,潼关
TGV,太谷
TGP,塘沽
THR,吐哈
TAM,通海
THX,塔哈
TJN,天河机场
THG,泰和
TXX,塔河
TEN,天河街
TAU,太湖南
TTE,天河潭
THL,通化
TKH,太湖
TJB,同江
TOT,陶家屯
TVC,托克托东
TLX,泰来
TAR,吐鲁番北
TFR,吐鲁番
TLD,通辽
TJH,铜陵
TLT,铁岭
TLB,铁力
TLU,桐庐
PXT,铁岭西
TPT,陶赖昭
QSL,图们北
TML,图们
TMU,头门港
TMR,图木舒克
TNN,天门南
TVW,潼南
TNS,泰宁
RDQ,铜仁
TNW,铜仁南
FUP,唐山北
TFT,田师府
TAK,泰山
TSP,唐山
TSJ,天水
TIJ,天水南
THB,汤旺河
THN,汤逊湖
TSW,土溪
TYT,通远堡
TQT,太阳升
KTT,通榆
TBE,桐梓北
IZP,太子城
TEK,滕州东
TDE,桐梓东
TEU,台州
UTH,泰州
TOP,通州
TZH,台州西
TAP,通州西
WEQ,文昌
WCN,武昌
WCB,五常
WRN,武当山
WFK,潍坊
WDT,瓦房店
WFB,万发屯
WXT,瓦房店西
WGB,王岗
WGY,武功
WKK,威海
WVC,乌海
WHB,苇河
WHH,芜湖
WXC,乌海西
WIB,苇河西
WJE,温江
WUB,五家
WJT,吴家屯
WKT,五棵树
WPC,乌兰察布
WEB,万乐
VHH,温岭
WFN,乌龙泉南
WLW,武隆
WQC,乌拉特前旗
WWT,乌兰浩特
WNY,渭南
WBY,渭南北
WET,五女山
WXY,渭南西
WPT,沃皮
WQL,汪清
WWP,武清
WSE,武胜
WSM,威舍
WGC,乌审旗
WSR,乌苏
WIT,歪头山
WUJ,武威
WWJ,武威南
WWU,无为南
WJN,武穴北
WGH,无锡东
WXH,无锡
WXR,乌西
WXN,武穴
WYZ,吴圩
WOV,闻喜西
WBS,武夷山北
WWB,五营
WPB,乌伊岭
WAS,武夷山
WEJ,渭源
WYG,婺源
WYY,万源
WZE,万州北
WZZ,梧州
WYW,万州
WVJ,吴忠
RZH,温州
WBZ,梧州南
VRH,温州南
XDZ,兴安北
IQP,雄安
EGY,西安西
XVF,许昌东
XCD,兴城
ECH,宣城
ECW,西昌
XCF,许昌
XCE,西昌西
EWW,新都东
XFB,香坊
XFA,咸丰
XFT,西丰
XFW,息烽
NQQ,先锋
FVQ,湘府路
XGV,轩岗
XJN,孝感北
GDN,孝感东
XJA,香港西九龙
EUG,兴国
XIJ,西固
XGJ,夏官营
XHY,宣汉
EBC,兴和北
OKP,下花园北
EJQ,新化南
EFQ,新会
XLQ,新晃
XEC,兴和西
EWQ,新晃西
IRW,新津
ENP,辛集
XJB,徐家
NKQ,小金口
ITW,新津南
IJP,辛集南
XMT,谢家镇
XLE,西来
XDD,兴隆店
ELP,新乐
XPH,仙林
XLB,小岭
XTC,锡林浩特
EXP,兴隆县
XGT,新立镇
XZB,兴隆镇
XKS,厦门北
XOT,新民北
XMS,厦门
XMD,新民
XBS,厦门高崎
UNN,咸宁南
XAW,犀浦东
EMQ,溆浦南
XOS,霞浦
EPQ,溆浦
XIW,犀浦
ETW,秀山
XST,小市
EMN,兴山
ENM,西双版纳
XOB,新松浦
VTN,仙桃
XTQ,湘潭
XTG,向塘
EDP,邢台东
NUQ,新塘南
XNE,兴文
XWM,宣威
XWE,修文县
QSH,萧县北
RHB,新香坊北
EGF,新乡东
XOV,孝西
XQY,西乡
XIF,西峡
XXF,新乡
XXM,小新街
XUN,信阳
XUY,旬阳
XYY,咸阳
XXT,岫岩
XFN,襄阳
XBG,新余北
XYT,熊岳城
OYN,信阳东
EKN,襄阳东
XRZ,兴义
EEQ,信宜
XYA,秀英
XQM,祥云
XUG,新余
XOY,咸阳西
EZF,新郑机场
UUH,徐州东
XXV,忻州
XZT,新肇
XWN,襄州
XCH,徐州
FNQ,香樟路
IXV,忻州西
YAE,雅安
YWY,延安
YQS,永安南
YAX,依安
YFW,迎宾路
YBB,亚布力
YWB,亚布力南
YBD,叶柏寿
YXE,宜宾西
YSB,亚布力西
ABV,运城北
AEH,盐城北
WMW,永川东
HAN,宜昌东
AWW,岳池
YER,叶城
YQQ,阳春
YEG,宜春
YNV,运城
YCN,宜昌
AFH,盐城
YCB,伊春
YCV,榆次
YBP,杨村
YDJ,永登
YGH,雁荡山
YDG,于都
AOJ,姚渡
IIQ,英德西
IXQ,云浮东
YGW,燕岗
AJV,永济北
YJL,延吉
WRQ,阳江
YIV,永济
AJP,燕郊
YAT,姚家
YIR,英吉沙
YXL,延吉西
YGT,营口东
QUH,永康南
YKT,营口
YKX,牙克石
YEB,依兰
YSM,宜良北
YDY,永乐店
YLZ,玉林
ALY,榆林
YSY,杨陵
YAG,炎陵
YNY,阎良
YLM,杨林
YEY,杨陵南
YLD,余粮堡
YQP,杨柳青
TWQ,亚龙湾
YME,羊马
YXB,一面坡北
YRN,云梦东
YXJ,玉门
YPB,一面坡
AMM,元谋西
YKQ,郁南
YNR,伊宁东
YMR,伊宁
ADS,延平东
YAY,阳平关
YZW,玉屏
YPS,延平
YPV,原平
YWS,延平西
IPV,原平西
YPP,阳泉北
AYP,阳泉东
FGP,雁栖湖
YSR,焉耆
UPH,乐清
YNP,延庆
YYV,阳泉曲
YQT,姚千户屯
AQP,阳泉
YQV,阳曲
YQB,玉泉
IQV,阳曲西
YSV,榆社
YNG,玉山
NUW,营山
YRT,榆树
YSP,元氏
AOP,燕山
YGG,玉山南
YSX,榆树屯
CTQ,银滩
YAK,烟台
YTG,鹰潭
YTS,永泰
YKG,鹰潭北
YEX,伊图里河
YVR,依吞布拉克
YLK,烟台南
YSL,烟筒山
ATP,玉田县
YWH,义乌
AXM,玉溪
YBS,云霄
YXD,义县
YON,阳新
YUH,宜兴
YXS,尤溪
AEQ,益阳
YYQ,岳阳
YIQ,岳阳东
YAA,益阳南
YDU,扬州东
YUQ,崖州
AOQ,永州
YZK,兖州
YLH,扬州
IZJ,榆中
ZDS,诏安
ZRK,淄博北
ZBK,淄博
ZJJ,中川机场
ZDV,镇城底
ZHP,正定机场
ZDP,正定
ZER,准东
ZMN,纸坊东
ZGU,柘皋
ZGW,自贡北
ZGE,自贡
ZHQ,珠海
ZUT,庄河北
ZIQ,珠海北
ZLA,珠海长隆
VNH,中华门
ZIJ,张家川
ZAU,张家港
ZJZ,湛江
IZW,织金
ZIY,治江
ZPQ,芷江
ZDH,诸暨
ZJH,镇江
ZOB,周家
DIQ,张家界
ZMP,张家口
IXP,张家口南
ZEH,镇江南
ZWQ,湛江西
JXA,张家界西
ZKF,周口东
ZKN,周口
ZLT,镇赉
ZLY,庄里
ZSN,左岭
ZTX,扎兰屯
ZXX,扎赉诺尔西
ZDN,驻马店
ZGF,中牟
ZLN,驻马店西
ZPS,漳平
ZPR,泽普
ZXG,漳平西
ZVK,章丘北
FCQ,肇庆东
ZVQ,肇庆
ZTK,章丘
ZSY,柞水
ZHD,珠斯花
ZSQ,中山
ZSG,樟树
ZSE,朱砂古镇
ZIT,周水子
ZTA,中堂
ZDW,昭通
ZWJ,中卫
ZTJ,中卫南
ZXE,镇雄
ZVY,紫阳
ZYN,枣阳
FYW,资阳北
ZYJ,张掖
ZYE,遵义
ZUW,镇远
ZIW,遵义西
ZEJ,张掖西
WZW,资中北
GOS,漳州东
ZAP,涿州东
ZEK,枣庄
ZUS,漳州
ZZQ,株洲
VOK,庄寨
KVQ,株洲南
ZFK,枣庄西
ZAQ,株洲西
AQC,阿巴嘎旗
ADP,安定
ADO,安多
AGT,安广
YED,敖汉
AHP,艾河
PKQ,安化
AJJ,艾家村
ADA,安江东
AJD,阿金
MJP,安匠
AKJ,阿克塞
AYY,安口窑
ALD,敖力布告
AUZ,安龙
ASX,阿龙山
JTX,阿木尔
AZM,阿南庄
ARG,安仁
ATV,安塘
ATR,阿图什
ATL,安图
AXL,安图西
AWR,阿瓦提
AXS,安溪
BWQ,博鳌
BGV,白壁关
BBE,八步
FWH,栟茶
BUP,板城
BZI,宝坻
BOI,宝坻南
BFF,宝丰
FEP,白沟
BIY,白河东
BGU,滨海港
BWH,宝华山
BEY,白河县
BJJ,白芨沟
IBQ,北滘
BLQ,碧江
BBM,白鸡坡
BSB,笔架山
BTD,八角台
BRT,北井子
BKD,保康
BKN,保康县
BAT,白狼
BLA,博罗北
BOR,博乐东
BOZ,北流
BNB,宝林
BLR,布列开
BND,宝龙山
AAP,百里峡
BLT,八里甸子
BME,白马北
BMD,八面城
BRP,北马圈子
RPD,北票南
BQP,白旗
BQL,白泉
FZW,璧山
BAY,巴山
BSY,白水江
BSN,白沙铺
BPM,白沙坡
BAL,白石山
BGY,白水县
BUM,白水镇
NGQ,板塘
BTQ,坂田
BZP,泊头
BYP,北屯
BWT,巴图营
BCV,白文东
BVT,本溪新城
BHT,本溪湖
BXK,博兴
VXD,八仙筒
BYC,白音察干
BAU,宝应
BID,白音他拉
BOD,白音华南
BCD,白音胡硕
BNJ,白银市
VPP,霸州北
BDE,巴中东
BXY,彬州
RMP,霸州
BVP,北宅
FOP,霸州西
CAA,长安
CXA,长安西
CIN,赤壁北
CUY,澄城
CEJ,长城
IYP,承德县北
CCP,承德东
CBY,城固北
CEF,长葛
VAT,查干湖
CHZ,册亨
CKT,草河口
CHP,崔黄口
CJT,蔡家沟
CJX,成吉思汗
CAM,岔江
KKQ,陈江南
CJY,蔡家坡
CLR,策勒
CLK,昌乐
CYP,超梁沟
CNG,茶陵南
CLT,长岭子
CNE,长宁
CNJ,长农
DAQ,常平
CPM,长坡岭
FPQ,常平南
CQE,长箐
CQB,辰清
EFW,长寿
CSE,长寿湖
CON,蔡山
CST,苍石
CSL,草市
CSP,磁山
CSU,常山
CAU,常熟
CSB,楚山
CVT,长山屯
CES,长汀
CQQ,春湾
CNZ,岑溪
CBH,长兴
CRP,磁西
CYK,磁窑
CYN,长阳
CEK,城阳
CEX,创业村
CDD,朝阳地
CRK,昌邑
CYD,朝阳南
CYF,长垣
CZL,朝阳镇
CZY,陈庄
CKQ,潮州
CFP,曹子里
CAF,长治南
CWT,城子坦
CWM,车转湾
RUZ,都安
RAT,大安
DAG,德安
DBJ,大坝
RBZ,德保
RBT,到保
DBD,大巴
NWQ,电白
DBC,大板
DBB,东边井
RDT,德伯斯
DGJ,打柴沟
DVW,德昌
DCI,大厂
DCG,都昌
IYQ,东城南
DXE,德昌西
DDB,滴道
DKJ,大磴沟
RDD,东戴河
RWT,丹东西
DRD,刀尔登
DRX,得耳布尔
DRB,东二道河
TKX,杜尔伯特
DFE,大方
DIL,东丰
DMM,都格
DGA,东莞港
DNU,大港南
DTT,大官屯
DGP,东光
DHB,东海
QBP,东花园北
DHP,大灰厂
UWQ,鼎湖东
NVQ,鼎湖山
SOQ,大禾塘
DQH,东海县
DKB,东津
DON,丹江口
DTK,董家口
DKP,大口屯
RVD,东来
DLD,大林
DLB,带岭
DIC,达拉特旗
DTX,独立屯
DLV,豆罗
DNC,达拉特西
GZT,大连西
KOQ,大朗镇
DMD,东明村
DEP,洞庙河
DPD,大平房
RPP,大盘石
DVT,大堡
DSD,大青沟
DQX,大其拉哈
DRH,德清
DQU,杜桥
MOH,德清西
RSC,东胜东
DRQ,东升
DWT,登沙河
DKH,砀山
DAL,大石头南
DSL,大石头
RZT,大石寨
DGT,灯塔
DQK,定陶
DBH,东台
DBM,大田边
OWH,当涂东
DTL,东通化
RUH,丹徒
DRJ,东湾
WWQ,大旺
DWJ,低窝铺
DDG,德兴东
DXL,大兴沟
DWG,德兴
DXV,定襄
DKV,代县
DXM,甸心
IRQ,丹霞山
RXP,东戌
DXD,东辛庄
DYX,大雁
RET,大阳
EXH,丹阳北
DBV,东淤地
DYV,大营
EWH,定远
RYV,岱岳
DYG,大余
DZD,大营子
DJP,大营镇
DTJ,大战场
DWV,兑镇
DFZ,道州
DNV,东镇
DZV,东庄
WZQ,端州
DVQ,低庄
ROP,豆庄
FQW,大足南
DZY,大竹园
DAP,大杖子
RZP,豆张庄
ENE,峨边南
RDP,二道沟门
RDX,二道湾
RLD,二龙
ELA,二龙山屯
RML,二密河
EMR,额敏
PXQ,恩平
EVM,峨山
RYJ,二营
EFN,鄂州东
FAS,福安
FIG,丰城东
FDT,凤城东
FDZ,富川
FCG,丰城
FNF,方城
FNG,丰城南
PUH,繁昌西
FGF,扶沟南
FHX,富海
FCA,凤凰古城
FHA,福海西
FJE,奉节
FLN,枫林
FTB,福利屯
FZB,丰乐镇
FNH,阜南
FNP,抚宁
AKH,阜宁
FNU,阜宁南
FPY,富平
FUY,佛坪
FQE,法启
FVS,福清西
FRA,芙蓉镇
FDA,丰顺东
FAW,复盛
FUQ,丰顺
FSV,繁峙
FST,抚顺
FKP,福山口
FNZ,扶绥南
FSL,抚松
FZQ,福山镇
FTU,凤台南
FTX,冯屯
FYP,浮图峪
FBK,费县北
FDY,富县东
FEY,富县
FXK,费县
FAV,汾阳
FUH,凤阳
FBM,富源北
FYT,扶余
FBG,抚州北
FDG,抚州东
VZK,范镇
GQP,固安东
GFP,固安
GMP,高碑店东
GBP,高碑店
GBD,沟帮子
GBN,谷城北
GUU,古城东
GCZ,恭城
GCN,谷城
GZB,古城镇
FMW,贵定北
GRH,广德
GTW,贵定
GNU,广德南
GNN,葛店南
KIW,贵定县
GAO,岗嘎
GGO,贡嘎
GVP,官高
GGT,葛根庙
GGP,高各庄
GVW,广汉北
GAX,甘河
GDT,郭家店
JJM,个旧
GLJ,古浪
GVM,橄榄坝
GHT,归流河
GLE,关岭
GLF,关林
GNE,甘洛南
GEZ,桂林西
GLP,郭磊庄
GVK,高密北
IMQ,光明城
GMK,高密
GIU,灌南
FBQ,广宁
GNT,广宁寺南
GQT,广宁寺
GVF,高平东
GGN,高坪
GPP,广平
GPF,高平
GPT,弓棚子
GEY,甘泉北
GQD,甘旗卡
GQY,甘泉
GZD,高桥镇
GDE,赶水东
GUN,光山
GST,灌水
GSP,孤山口
GSL,果松
GXD,嘎什甸子
GSD,高山子
GAY,高滩
GTJ,高台
GBS,古田北
GTS,古田
GTP,官厅
GAJ,高台南
KEP,官厅西
GIG,赣县北
GXG,贵溪
GYH,涡阳
GEU,高邮北
GCU,观音机场
GAU,高邮
GOU,灌云
GYD,公营子
GZS,光泽
GNQ,古镇
GZY,虢镇
GXT,盖州
GZJ,瓜州
GEH,固镇
GOT,官字井
GSS,冠豸山南
GXA,古丈西
HWN,红安
HIH,海安
AMH,淮安南
QAP,怀安
HNS,惠安
KBJ,惠安堡
HBL,黄柏
PLH,淮北北
HFF,鹤壁东
HEB,海北
HAF,鹤壁
XEG,会昌北
HKB,寒葱沟
HCZ,河唇
VCQ,华城
SER,霍城
HCN,汉川
HCJ,黑冲滩
HQK,红岛
KUX,横道河子东
HGC,化德
KLJ,河东里
LVO,海东
HDV,洪洞
HDO,海东西
HFG,横峰
HXJ,韩府湾
KGN,黄冈
HNN,横沟桥东
KXN,黄冈西
HPB,洪河
VHD,红花沟
HUD,黄花筒
KHQ,惠环
KHN,花湖
HJJ,贺家店
HJA,厚街
HIM,黑井
HJS,涵江
HJF,获嘉
HDC,杭锦后旗
HXP,河间西
HJM,花家庄
KOH,黄口
HKG,湖口
VQP,怀来
KBX,海林北
HHB,浩良河
KLQ,黄流
ULY,黄陵
HOB,鹤立
HIB,桦林
HLL,和龙
HIL,海龙
HAX,哈拉苏
VTJ,呼鲁斯太
HLT,火连寨
HBA,虎门北
HDA,虎门东
VEH,黄梅
IUQ,虎门
HMA,洪梅
HYP,韩麻营
HNG,衡南
KNB,桦南东
HHL,黄泥河
HDM,化念
HNH,海宁
APH,怀宁
HMJ,惠农
HPA,和平北
VAQ,和平
HVZ,合浦
HZM,花棚子
HOA,横琴北
FBH,霍邱
HEY,宏庆
HQA,横琴
VQH,花桥
HQF,红旗渠
HPN,华容东
HRV,怀仁
KRN,华容南
HRN,华容
HEJ,红寺堡北
HQT,黑山北
KSN,黄石北
HLN,贺胜桥东
HDL,黄松甸
HHA,汉寿
HSQ,衡山
HHP,虎什哈
VCH,惠山
VSB,红山
VSQ,汉寿南
HSU,含山南
HSJ,红寺堡
VSJ,红砂岘
HEQ,衡山西
VTK,桓台
KXQ,荷塘
HQB,黑台
HBE,黄桶北
HWK,黑旺
HYY,徽县
VXB,红星
VHB,红兴隆
HTJ,红岘台
VTB,换新天
HWF,滑浚
HAY,合阳
HFO,海晏
VIX,红彦
HTY,合阳北
HYA,河源北
HEK,海阳北
HQY,汉阴
IYN,槐荫
HYT,花园口
HVF,淮阳南
HGJ,黄羊滩
HUN,花园
HYJ,黄羊镇
HWV,霍州东
VON,黄州
HUU,壶镇
HZZ,化州
HZV,霍州
VXQ,惠州西
JIY,靖边
JBD,金宝屯
JEF,晋城北
JNV,交城
JFD,建昌
JIO,加查
JAJ,泾川
JUT,碱厂
JCK,鄄城
NSH,旌德
JDB,峻德
JFP,井店
UDH,江都
PFQ,尖峰
JST,鸡冠山
VGP,金沟屯
JHR,精河
JHX,金河
JHB,锦河
JHZ,江华
AJH,建湖
VJD,纪家沟
JEY,锦界
JJB,姜家
JKT,金坑
JHE,金口河南
JLS,将乐
JLJ,芨岭
KJQ,九郎山
JWQ,江门东
JES,角美
JUB,佳木斯西
JOK,莒南
VNK,莒南北
MIK,济宁北
MNK,济宁东
JQS,建宁南
JZS,建瓯东
JVS,建瓯
JUS,建瓯西
PWT,金普
JQA,建桥
JQX,江桥
JWH,句容西
SSX,九三
JSR,金山
JRN,建始
JSM,建水
JVV,稷山
JSL,吉舒
JET,建设
JOP,甲山
JCN,京山
JSH,嘉善
EAH,嘉善南
JUN,界首市
JOM,江所田
JTB,金山屯
JSG,吉水西
JTJ,景泰
JIJ,金塔
JWX,吉文
MXK,嘉祥北
LOH,泾县
JKK,莒县
JUK,嘉祥
JXF,郏县
JXT,夹心子
JYA,揭阳
JYS,建阳
JBS,蛟洋
UEH,姜堰
JBE,江油北
MYK,巨野北
JUA,揭阳机场
JRQ,揭阳南
JYZ,江永
SZL,江源
JYJ,靖远
JYH,缙云
JYF,济源
PYQ,金月湾
JXJ,靖远西
PYH,缙云西
JZK,胶州北
WEF,焦作东
JZV,晋中
JEQ,靖州
JEP,景州
JXK,胶州
JVP,旧庄窝
JYD,金杖子
KCP,康城
KDT,宽甸
KOB,克东
KDC,昆都仑召
VPR,库尔木依
KAW,开江
KQX,喀喇其
PVQ,开平南
KQL,口前
KAB,奎山
KTQ,葵潭
KXZ,康熙岭
KHX,克一河
KUM,开远南
ESR,昆玉
LBE,冷坝
VJM,琅勃拉邦
UBZ,来宾
LLT,老边
GMH,灵璧
LTQ,寮步
LRY,洛川东
VCZ,罗城
LCQ,乐昌
UCP,黎城
UUP,临城
LCK,蓝村
UQQ,乐东
LRC,林东
LDO,乐都
LDP,梁底下
LVP,六道河子
LVM,鲁番
LOP,落垡
LFA,来凤
KFQ,龙丰
LQM,禄丰南
UFD,老府
LNB,兰岗
LGM,龙骨甸
KGQ,临高南
LOM,芦沟
LGJ,龙沟
UFH,临海
JID,凌海
LHX,拉哈
LXX,林海
UDP,滦河
LHU,临海南
UNT,凌海南
LHP,龙华
UNP,滦河沿
LEX,六合镇
IKW,罗江东
LRT,亮甲店
LVT,刘家河
LJZ,廉江
LJW,罗江
UQZ,柳江
UJT,两家
LJB,李家
LJX,龙江
LHB,莲江口
LNK,利津南
LIJ,李家坪
UPK,厉家寨
LRB,林口南
LKQ,路口铺
LAX,老莱
KFW,龙里北
KBQ,沥林北
COK,兰陵北
UKQ,醴陵东
LWQ,临澧
UWZ,零陵
LRM,陆良
UAP,卢龙
LMX,喇嘛甸
LMB,里木店
LMJ,洛门
LMU,芦庙
UNG,龙南
LBG,龙南东
LDE,六盘水东
LPP,落坡岭
UPJ,六盘山
LPG,乐平市
LVR,洛浦
UQK,临清
UNY,礼泉南
LVU,龙泉市
LGY,礼泉
LOU,临泉
UTW,乐山北
UDQ,冷水江东
LGT,连山关
USP,流水沟
LSV,灵石
LUL,露水河
LRN,罗山
LIU,涟水
LAG,龙市
LMK,梁山
LAF,鲁山
LSE,娄山关南
LSD,柳树屯
LAS,龙山镇
LET,李石寨
LSB,梨树镇
LAR,轮台
LBM,龙塘坝
LVZ,濑湍
LVB,龙塘镇
VLJ,李旺
LRJ,狼尾山
LNJ,灵武
UXK,莱芜西
UXV,岚县
LIO,朗县
LUG,芦溪
LXQ,临湘
UXP,滦县
LXC,林西
LXB,朗乡
LXU,郎溪南
LXK,莱西南
LYK,莱阳
LDD,凌源东
UYK,临沂东
LUK,临邑
LNF,临颍
LYU,龙游南
LMH,龙游
LYX,林源
LSZ,鹿寨北
UEK,临淄北
LEJ,临泽
LZT,龙爪沟
UAQ,雷州
LZS,来舟
LIZ,鹿寨
LEM,拉鲊
LOE,六枝南
LDJ,临泽南
MAH,马鞍山
MBY,毛坝
MGY,毛坝关
MCL,明城
MHN,毛陈
MCF,渑池
MAP,庙城
KPM,茅草坪
MUQ,猛洞河
MOB,磨刀石
MFR,民丰
MGN,明港
MDN,明港东
MHZ,马皇
MJM,墨江
MJN,闵集
MLR,马兰
MQQ,汨罗东
MBJ,民乐
MHB,马莲河
MLZ,茅岭
MLL,庙岭
MIO,米林
MLY,麻柳
MID,马林
MLD,茂林
MGM,马龙
MUD,木里图
MLQ,汨罗
MNR,玛纳斯湖
MBK,牟平
MIF,民权北
MQB,马桥河
MQS,闽清
MSW,眉山
MUT,明水河
MOK,蒙山
MAB,麻山
MAZ,马山县
PWQ,马踏
CXY,眉县东
MEB,美溪
MVQ,麻阳
MDE,米易东
MYS,麦园
MYA,麻阳西
MZJ,庙庄
MEY,米脂
MFQ,明珠
NBK,南博山
NHA,牛车河
NCD,宁城
NCK,南仇
NSP,南城司
NIG,宁都
NEM,宁洱
NUT,南芬北
NGP,南观村
NFP,南宫东
NLT,南关岭
NNH,宁国
NHJ,南河川
NAM,南华
NHS,宁化
NUF,内黄
NHD,泥河子
NDE,内江东
NVT,宁家
NJD,能家
NJS,南靖
NDQ,南江口
NKT,南口前
NNQ,南朗
NGT,奈林皋
NLD,乃林
LLH,南陵
NIR,尼勒克
NMZ,宁明
NMX,南木
TLP,南堡北
NQD,南桥
NTT,南台
NOQ,南头
NTR,南屯
YHW,乃托
NWP,南湾子
NIE,泥溪
AXJ,宁县
NXF,内乡
NXT,牛心台
NXA,宁乡西
NIP,娘子关
NZN,南漳
NAF,南召
NZT,南杂木
PAW,蓬安
PAL,平安
PNU,磐安南
PUE,普安县
PNO,平安驿
PZT,平安镇
PAJ,磐安镇
PBM,屏边
PBE,平坝南
PCY,蒲城
PDB,裴德
PGW,普定
PRP,偏店
PGL,平岗
PGZ,平果
PGM,平关
PAM,盘关
PHP,徘徊北
PHM,平河口
PHQ,平湖
PDP,潘家店
PKT,皮口南
PUT,皮口
PNT,偏岭
PNS,屏南
PAZ,平南南
PRM,朋普
PPW,彭山北
PSY,蒲石
PSW,彭山
PHW,彭水
PSE,屏山
PSV,平社
PUD,盘山
PSK,坪上
PVT,平台
PTM,平田
PTW,葡萄菁
PWV,平旺
PGV,平型关
KZW,蓬溪
PYV,平遥
PYJ,彭阳
PYX,平洋
PYG,鄱阳北
PIK,平邑
PPJ,平原堡
PYK,平原
PYP,平峪
PZD,平庄北
PIU,邳州东
PAD,平庄
PJH,邳州
POD,泡子
PND,平庄南
QOT,乾安
QQP,迁安
QGJ,秦安
QHJ,庆城
QCN,蕲春南
QRQ,祁东北
QJK,青岛机场
QMQ,祁东
QET,青堆
QQK,曲阜南
QVP,奇峰塔
QGS,泉港
QBD,清河门北
QUY,千河
QIK,齐河
QHD,清河门
QJZ,渠旧
QJN,潜江
QIM,曲江
INH,全椒
QJB,秦家
QBT,祁家堡
QNY,清涧县
QZV,秦家庄
QLD,七里河
QLZ,渠黎
QLY,秦岭
QEW,青莲
QIB,青龙
QGH,青龙山
QIH,祁门
QMR,且末
QMP,前磨头
QEJ,清水北
QVW,青神
QAY,岐山
QXQ,前山
QSN,确山
QUJ,清水
QSB,青山
QIJ,清水县
QYH,戚墅堰
QVH,青田
QAT,桥头
JWE,犍为
QWD,前卫
QWP,前苇塘
QGV,祁县东
QXE,黔西
QXV,祁县
QBY,乾县
QXP,青县
QXJ,桥西
QNC,旗下营南
QXC,旗下营
QYL,泉阳
QOY,千阳
QWQ,祁阳
QYF,沁阳
QVQ,祁阳北
QYJ,七营
QSJ,庆阳山
QYT,清原
QOK,青州市北
QRS,泉州东
QRZ,钦州
QJJ,曲子
QNS,泉州南
QZK,青州市
QZQ,棋子湾
RUO,仁布
RCG,瑞昌
RXG,瑞昌西
RBH,如皋
RNU,如皋南
RUQ,容桂
RVW,榕江
RQP,任丘
RSZ,融水
RSD,热水
ROK,乳山
RXZ,容县
RVP,饶阳
RYF,汝阳
RHD,绕阳河
ROF,汝州
OBJ,石坝
SBP,上板城
AQW,施秉
OBP,上板城南
SDG,石城东
SWN,商城
OCH,舒城
SCU,遂昌
SCS,顺昌
SMV,神池
SCT,石城
SCL,山城镇
SDJ,山丹
JEJ,山丹马场
ODY,绥德
ORQ,顺德
SXC,商都
OUD,四道湾
KKW,三都县
OJQ,顺德学院
SUP,胜芳
STB,四方台
OTW,水富
OKJ,三关口
OGC,桑根达来
SVK,上高镇
SED,沙海
SHY,蜀河
SBM,松河
SKT,沙河口
SHC,赛汗塔拉
GQH,泗洪
OHR,双河市
AHQ,四会
OXP,三河县
OHD,四合永
SEL,双河镇
SVP,三合庄
SOA,畲江北
OJJ,沈家河
SML,双吉
SJB,尚家
SKD,三江口
OLK,司家岭
SJA,沙井西
OZL,松江镇
OJT,三井子
SJD,十家子
SMM,三家寨
OMP,什里店
SUR,疏勒
VLD,舍力虎
SHJ,疏勒河
ZJD,双辽
SOL,石岭
SPB,石磷
SLQ,石龙
SLC,萨拉齐
SNT,索伦
SLP,沙岭子
OMQ,石门县
OUY,神木西
SAO,山南
SYP,肃宁
SMN,神农架
ONC,苏尼特左旗
SBZ,双牌
SON,遂平
SFJ,沙坡头
SIF,商丘东
SQE,石桥
SQN,沈丘
SPF,商丘南
SID,水泉
SRO,桑日
NSQ,狮山北
ARQ,三水北
KUQ,松山湖北
SSR,鄯善
SFT,松树
SAT,首山
SJQ,三水
KSQ,狮山
OSK,泗水
SQB,山市
SRD,三十家
RNQ,三水南
ONK,泗水南
SST,三十里堡
SSL,松树镇
PQQ,双水镇
SHX,索图罕
STE,石梯
SDH,三堂集
SEV,神头
OTB,石头
SFM,沙沱
SWP,上万
SWE,沙湾南
SXR,沙湾市
SKB,孙吴
NPH,歙县北
SXZ,遂溪
SXL,石岘
SOU,寿县
SAS,沙县
IPQ,始兴
OVN,随县
OVH,歙县
GPH,泗县
SSS,水茜
SXM,上西铺
SXJ,石峡子
SYV,寿阳
MPH,泗阳
FMH,沭阳
SUU,松阳
OYP,水洋
SYU,三阳
SAU,射阳
SQS,双洋
SYB,绥阳
OCT,松原北
OVQ,邵阳北
SYJ,三阳川
SPJ,上腰墩
OEJ,三营
SNV,山阴
OYD,三义井
SVU,上虞南
SYL,三源浦
SUD,上园
SAY,三原
BDH,上虞
SXA,邵阳西
SND,绥中北
SBA,深圳机场北
SEU,嵊州北
OZY,孙镇
SRQ,神州
SZA,桑植
OZP,深州
SRJ,肃州
SIN,松滋
SIA,十字门
SEM,师宗
KAH,苏州园区
ITH,苏州新区
TID,台安
TAD,台安南
TAJ,通安驿
TBF,桐柏
TCU,太仓
TOK,桃村北
TOU,桐城东
TJR,铁厂沟
TCL,铁厂
TZK,郯城
TTH,桐城
TUU,桐城南
TNU,太仓南
PST,铁刹山
TCK,桃村
TBZ,田东北
TDZ,田东
TGL,天岗
TEV,太谷东
VAR,铁干里克
TGC,土贵乌拉
TIV,太谷西
JYN,太和北
TDU,太和东
THF,唐河
IEP,唐海南
TXL,通化县
TIX,团结
TNJ,谭家井
PDQ,唐家湾
TZP,统军庄
KXH,铜陵北
TMD,吐列毛杜
TEX,图里河
TIZ,亭亮
TFZ,田林
TMN,天门
TLS,太姥山
TRC,土牧尔台
TCJ,土门子
TVT,洮南
TIT,太平川
TEB,太平镇
TTK,台前
TQX,图强
TQL,天桥岭
TQJ,土桥子
TUJ,甜水堡
TCT,汤山城
PUQ,台山
TAB,桃山
TSI,唐山西
TIU,天台山
TUT,通途
TWJ,通渭
KQQ,田心东
TAZ,藤县
TXJ,同心
TCH,桐乡
TRZ,田阳
TND,天义
TYF,汤阴
TIL,驼腰岭
TYJ,太阳山
TYA,桃源
TYB,汤原
TST,通远堡西
TYP,塔崖驿
TXK,滕州
TZV,天镇
TZJ,天祝
QWH,天柱山
WAP,武安
WBP,文安
WAG,万安县
WVP,王安镇
WUY,吴堡
WCT,五叉沟
WAQ,吴川
WDB,温春
WRB,五大连池
WGK,文登东
WBK,文登
WDL,五道沟
WHP,五道河
WNZ,文地
WVT,卫东
WDP,望都
WWN,武当山西
WHX,乌尔旗汗
WJK,潍坊北
WFG,五府山
WUT,王府
WGL,湾沟
WGM,吴官田
WBL,威虎岭北
WHK,威海北
WBU,芜湖北
RVH,芜湖南
WVF,卫辉南
WHF,卫辉
WCJ,吴家川
WJL,渭津
WJP,午汲
WAM,威箐
WJR,魏家泉
WQB,倭肯
WIO,乌兰
WBT,五龙背
WMT,五龙背东
WVX,瓦拉干
WLK,五莲
WLY,卧龙寺
VLT,乌兰木图
WLX,卧里屯
WNA,望牛墩
WRX,乌奴耳
WNQ,万宁
WWG,万年
WVY,渭南南
WNJ,渭南镇
WUP,吴桥
VOM,万荣
WOE,巫山
WEV,文水
WOM,巍山
WSJ,武山
WHR,瓦石峡
WSP,魏善庄
WTZ,五通
WTP,王瞳
WSV,五台山
WZJ,王团庄
IIH,无为
WAH,瓦屋山
WVR,五五
WVV,武乡东
WXE,威信
WUV,武乡
WXV,闻喜
WVB,卫星
IFH,无锡新区
WYB,王杨
WDH,武义北
RYH,武义
WIM,瓦窑田
WYC,五原
WZA,湾仔
WBA,湾仔北
WZL,苇子沟
WZY,韦庄
WZV,五寨
WIF,武陟
WNU,湾沚南
WKD,魏杖子
WQP,微子镇
XAZ,兴安
EAM,新安
XAF,新安县
XAP,新保安
EBP,下板城
XLP,西八里
EBF,许昌北
ERN,项城
XEM,小村
XXD,兴城西
XRX,新绰源
XCB,下城子
EDW,喜德
EJM,小得江
XMP,西大庙
XEZ,小董
XOD,小东
XDA,西渡
XXE,喜德西
XFV,襄汾
EFG,信丰
XTV,襄汾西
XFG,信丰西
EGG,新干
XGN,孝感
XGG,新干东
XIG,兴国西
XZK,夏格庄
NBB,西岗子
VJP,宣化北
WDQ,西湖东
XIR,新和
XWJ,宣和
XHI,香河
XXB,襄河
EEP,斜河涧
XAX,新华屯
XHB,新华
EHQ,新化
XHP,宣化
EHF,西华
XYD,小河沿
XYP,下花园
EKY,小河镇
HYK,徐家店
EJG,峡江
XJV,新绛
XNU,仙居南
XJT,许家屯
EKB,兴凯
EAQ,小榄
XNB,香兰
XLJ,新李
GCT,西柳
XYB,西林
XPX,新林
XLD,新立屯
IRP,兴隆县西
XMB,西麻山
XAT,下马塘
XNV,孝南
XRN,咸宁北
XKN,咸宁东
ENQ,兴宁
XNN,咸宁
XPY,兴平
XPN,西平
XPM,新坪田
EGQ,西平西
XQD,新邱
XQB,新青
XQJ,兴泉堡
XRL,仙人桥
ESP,小寺沟
XIZ,夏石
XZN,浠水
XSB,杏树
XSV,下社
XSP,徐水
VNN,浠水南
XDT,杏树屯
XSJ,许三湾
XSU,响水县
XTP,邢台
EDQ,湘潭北
XAN,仙桃西
EIP,下台子
XNM,小湾东
XJQ,徐闻
EPD,新窝铺
XWD,西乌旗
XWF,修武
EXF,修武西
XSN,新县
ENN,息县
XXQ,湘乡
EOH,萧县
ENF,新乡南
XGQ,新兴县
XZC,西小召
XXP,小西庄
XDB,向阳
XBY,旬阳北
EBY,咸阳北
EAF,襄垣东
SNZ,兴业
XHM,小雨谷
VIH,新沂
XFM,小月旧
XYU,新沂南
XWS,仙游
XYX,小扬气
EIF,襄垣
EJH,夏邑县
EYB,新友谊
XZJ,新阳镇
XZX,新帐房
XRP,悬钟
XZD,汐子
XRD,西哲里木
ERP,新杖子
YAS,永安
YNB,永安乡
YQZ,永安镇
YBE,盐边
YUD,元宝山
YAB,羊草
RGH,永城北
YKM,秧草地
YSK,禹城东
YFU,盐城大丰
YYY,砚川
YKJ,盐池
YAL,阳岔
YHN,应城
YIN,宜城
YPK,郓城
YEK,晏城
YCK,禹城
AIH,阳澄湖
YNF,阳城
YYB,迎春
YAP,雁翅
ACP,云彩岭
IXH,虞城县
YCT,营城子
YYG,于都北
YDQ,英德
NAQ,云东海
YDM,尹地
YGS,永定
WLQ,阳东
YAJ,园墩
YBZ,永福南
YOV,阳高
YRB,杨岗
VTM,雨格
AGV,阳高南
YIK,阳谷
YOB,友好
YHP,沿河城
GTH,洋河
AEP,岩会
YHM,羊臼河
AJM,元江
YAM,营街
URH,永嘉
YHG,余江
YGJ,岳家井
AFP,云居寺
AZK,燕家庄
RFH,永康
YLR,英库勒
YJX,银浪
YEF,运粮河
YLX,伊拉哈
WRR,尉犁
YIF,鄢陵
YLB,伊林
YUM,月亮田
YMF,义马
YVV,阳明堡
YMN,云梦
YMX,伊敏
YST,一面山
YNK,沂南
ANM,云南驿
KPQ,银瓶
YZJ,营盘水
OLH,乐清东
YQL,永庆
YQA,杨桥
AQK,源迁
YFR,玉泉镇
ARM,永仁
YBU,颍上北
BNN,野三关
YGP,榆树沟
YSJ,玉石
YCZ,阳朔
ASY,永寿
KZQ,云山
ASP,窑上
AUM,玉舍
YUK,沂水
YVH,颍上
YSF,偃师
YBF,月山
YAD,杨树岭
YMS,雁石南
AIP,野三坡
AXV,榆社西
AUY,永寿西
YIP,鹰手营子
YTQ,源潭
YWR,于田
YTI,玉田南
YTL,伊通
YTZ,牙屯堡
YUX,烟筒屯
YTK,烟台西
YWM,羊尾哨
AGM,野象谷
WMQ,阳西
AIM,云县
YVK,阳信
YZV,应县
YOG,攸县
ACG,永修
YXG,攸县南
YXY,洋县西
YSD,义县西
YUE,云阳
AFW,酉阳
YIG,弋阳
YYH,余姚
CTH,余姚北
ARP,阳邑
AYS,杨源
YYJ,鸳鸯镇
YZY,燕子砭
YSZ,宜州
YZA,银盏
UZH,仪征
YOY,耀州
YZF,禹州
YQM,迤资
AEM,羊者窝
YZD,杨杖子
ZEY,镇安
ZAD,治安
ZBP,招柏
ZUP,张百湾
ZHY,子长
ZCV,赵城
ZCN,枝城
ZIK,邹城
ZQK,诸城
ZHT,章党
ZDB,肇东
ZFM,照福铺
ZEC,准格尔
ZGD,章古台
ZGB,赵光
ZES,政和
ZHX,中和
ZJE,织金北
ZIN,枝江北
ZJY,钟家村
ZYP,紫荆关
ZUB,朱家沟
ZOD,周家屯
CWJ,褚家湾
ZKA,仲恺
ZKE,曾口
ZLV,张兰
ZOM,珠琳
ZIV,枣林
ZLD,扎鲁特
ZRQ,樟木头东
ZOQ,樟木头
ZNO,扎囊
ZDJ,中宁东
VNJ,中宁
ZNS,周宁
ZNJ,中宁南
ZLK,邹平
ZPF,镇平
ZCS,漳浦
ZQY,张桥
ZVP,枣强
ZQH,庄桥
ZRC,朱日和
ZGQ,中山北
ZOG,樟树东
ZSZ,钟山
KWQ,昭山
ZAZ,钟山西
ZIS,支提山
ZOP,珠窝
ZWB,张维屯
ZWD,彰武
ZXJ,漳县
ZXS,资溪
ZOY,棕溪
ZVT,镇西
ZTN,钟祥
ZIP,张辛
ZXC,正镶白旗
ZNE,遵义南
ZUM,竹园
ZNK,枣庄东
ZDC,卓资东
ZZY,子洲
ZXP,涿州
ZZM,中寨
ZUX,壮志
ZAL,咋子
ZZC,卓资山
ANS,安溪东
BOA,博罗
BAM,保山
BEJ,北滩
BVJ,白银南
CVO,茶卡
DKS,德化
DDE,独山东
DTS,大田北
FUU,富阳西
GEM,革居
GOE,古路
KBT,花博山
KDA,惠东
SZE,黄水
KNA,惠州南
HVU,杭州西
JCE,江北机场
JRU,句容
JTU,金坛
JOJ,靖远北
KYH,江阴
JZY,绛帐
UBE,荔波
LVA,罗浮山
LHE,珞璜东
LIE,龙兴
MOS,明溪
NUS,南安北
NAE,南彭
NQY,宁强
PCJ,平川西
QWJ,秦王川
SBY,商洛北
SUE,水土
SRS,三元西
TOE,统景
TBU,桐庐东
WJU,武进
XQF,西阳村
AVM,漾濞
ACS,永春
YWE,银花
YVE,迎龙
APM,永平县
YIE,越西
ZCA,增城
